Date,FX_rate
,BRLUSD=X
2020-04-01,0.19217835366725922
2020-04-02,0.19054152071475983
2020-04-03,0.19028408825397491
2020-04-06,0.18696831166744232
2020-04-07,0.18920402228832245
2020-04-08,0.19150850176811218
2020-04-09,0.1951790750026703
2020-04-10,0.19585569202899933
2020-04-13,0.19586719572544098
2020-04-14,0.1923631727695465
2020-04-15,0.19372335076332092
2020-04-16,0.19094902276992798
2020-04-17,0.19117169082164764
2020-04-20,0.1911059319972992
2020-04-21,0.18813258409500122
2020-04-22,0.18814675509929657
2020-04-23,0.18325422704219818
2020-04-24,0.18073050677776337
2020-04-27,0.17944945394992828
2020-04-28,0.17690974473953247
2020-04-29,0.18190418183803558
2020-04-30,0.18744845688343048
2020-05-01,0.18228216469287872
2020-05-04,0.18258169293403625
2020-05-05,0.18048587441444397
2020-05-06,0.17927250266075134
2020-05-07,0.17497201263904572
2020-05-08,0.1715642809867859
2020-05-11,0.18258169293403625
2020-05-12,0.1719069629907608
2020-05-13,0.16992931067943573
2020-05-14,0.1698831170797348
2020-05-15,0.17213481664657593
2020-05-18,0.17078836262226105
2020-05-19,0.17485575377941132
2020-05-20,0.17375591397285461
2020-05-21,0.17573149502277374
2020-05-22,0.18010228872299194
2020-05-25,0.18087434768676758
2020-05-26,0.18370871245861053
2020-05-27,0.18712575733661652
2020-05-28,0.18965615332126617
2020-05-29,0.18506179749965668
2020-06-01,0.18744845688343048
2020-06-02,0.18634119629859924
2020-06-03,0.19233359396457672
2020-06-04,0.1975659728050232
2020-06-05,0.19541937112808228
2020-06-08,0.20163322985172272
2020-06-09,0.20740003883838654
2020-06-10,0.2041483074426651
2020-06-11,0.20111821591854095
2020-06-12,0.2010050266981125
2020-06-15,0.19810611009597778
2020-06-16,0.19405391812324524
2020-06-17,0.1907086819410324
2020-06-18,0.19128139317035675
2020-06-19,0.18597039580345154
2020-06-22,0.18832391500473022
2020-06-23,0.19040727615356445
2020-06-24,0.1941370666027069
2020-06-25,0.1870347559452057
2020-06-26,0.18658457696437836
2020-06-29,0.18245179951190948
2020-06-30,0.18511319160461426
2020-07-01,0.18309317529201508
2020-07-02,0.1881042867898941
2020-07-03,0.18660545349121094
2020-07-06,0.18827427923679352
2020-07-07,0.18676577508449554
2020-07-08,0.1859496384859085
2020-07-09,0.18717478215694427
2020-07-10,0.18734310567378998
2020-07-13,0.1877264380455017
2020-07-14,0.18513375520706177
2020-07-15,0.18633078038692474
2020-07-16,0.18632562458515167
2020-07-17,0.18759262561798096
2020-07-20,0.18569067120552063
2020-07-21,0.18769824504852295
2020-07-22,0.193431094288826
2020-07-23,0.19538499414920807
2020-07-24,0.19191648066043854
2020-07-27,0.19123749434947968
2020-07-28,0.19449873268604279
2020-07-29,0.19408808648586273
2020-07-30,0.19346851110458374
2020-07-31,0.19402781128883362
2020-08-03,0.1915268450975418
2020-08-04,0.188015878200531
2020-08-05,0.1890287548303604
2020-08-06,0.18900375068187714
2020-08-07,0.18757152557373047
2020-08-10,0.18391819298267365
2020-08-11,0.1824650913476944
2020-08-12,0.1858597844839096
2020-08-13,0.1839926391839981
2020-08-14,0.18632382154464722
2020-08-17,0.18447460234165192
2020-08-18,0.1815442144870758
2020-08-19,0.18296921253204346
2020-08-20,0.17997264862060547
2020-08-21,0.179988831281662
2020-08-24,0.17798028886318207
2020-08-25,0.1782340556383133
2020-08-26,0.18157388269901276
2020-08-27,0.17834213376045227
2020-08-28,0.1795751303434372
2020-08-31,0.18552875518798828
2020-09-01,0.18211950361728668
2020-09-02,0.18527783453464508
2020-09-03,0.18731153011322021
2020-09-04,0.18903949856758118
2020-09-07,0.1886436492204666
2020-09-08,0.18873979151248932
2020-09-09,0.18654628098011017
2020-09-10,0.18837714195251465
2020-09-11,0.18795226514339447
2020-09-14,0.1881042867898941
2020-09-15,0.18981455266475677
2020-09-16,0.18959861993789673
2020-09-17,0.19098548591136932
2020-09-18,0.19091984629631042
2020-09-21,0.18553563952445984
2020-09-22,0.18475408852100372
2020-09-23,0.1828186959028244
2020-09-24,0.178814098238945
2020-09-25,0.18154092133045197
2020-09-28,0.17982053756713867
2020-09-29,0.17667220532894135
2020-09-30,0.17760412395000458
2020-10-01,0.17830397188663483
2020-10-02,0.17724210023880005
2020-10-05,0.1760067492723465
2020-10-06,0.17942368984222412
2020-10-07,0.17876935005187988
2020-10-08,0.17821182310581207
2020-10-09,0.17861609160900116
2020-10-12,0.18086454272270203
2020-10-13,0.18084163963794708
2020-10-14,0.17958156764507294
2020-10-15,0.1788748800754547
2020-10-16,0.17821499705314636
2020-10-19,0.17715418338775635
2020-10-20,0.17839303612709045
2020-10-21,0.17843760550022125
2020-10-22,0.17832304537296295
2020-10-23,0.17884927988052368
2020-10-26,0.17805634438991547
2020-10-27,0.17785048484802246
2020-10-28,0.1752786934375763
2020-10-29,0.174067422747612
2020-10-30,0.17307625710964203
2020-11-02,0.17417354881763458
2020-11-03,0.17418265342712402
2020-11-04,0.17376495897769928
2020-11-05,0.17658483982086182
2020-11-06,0.18104791641235352
2020-11-09,0.18647323548793793
2020-11-10,0.18571136891841888
2020-11-11,0.18470972776412964
2020-11-12,0.18552875518798828
2020-11-13,0.1832609474658966
2020-11-16,0.18325087428092957
2020-11-17,0.18467561900615692
2020-11-18,0.18771587312221527
2020-11-19,0.18650801479816437
2020-11-20,0.1885191798210144
2020-11-23,0.18593928217887878
2020-11-24,0.1838032603263855
2020-11-25,0.1861296147108078
2020-11-26,0.1878781020641327
2020-11-27,0.18743088841438293
2020-11-30,0.18717828392982483
2020-12-01,0.18757854402065277
2020-12-02,0.19212666153907776
2020-12-03,0.19170676171779633
2020-12-04,0.1941370666027069
2020-12-07,0.19400900602340698
2020-12-08,0.19614380598068237
2020-12-09,0.19532394409179688
2020-12-10,0.19343481957912445
2020-12-11,0.19903665781021118
2020-12-14,0.19746455550193787
2020-12-15,0.19540026783943176
2020-12-16,0.19689364731311798
2020-12-17,0.1967264711856842
2020-12-18,0.19774961471557617
2020-12-21,0.1960553675889969
2020-12-22,0.19535301625728607
2020-12-23,0.1939241737127304
2020-12-24,0.19174352288246155
2020-12-25,0.19174352288246155
2020-12-28,0.19174352288246155
2020-12-29,0.19062505662441254
2020-12-30,0.19199016690254211
2020-12-31,0.1926470845937729
2021-01-01,0.1926002949476242
2021-01-04,0.19260773062705994
2021-01-05,0.18884670734405518
2021-01-06,0.1892469823360443
2021-01-07,0.18822112679481506
2021-01-08,0.18488389253616333
2021-01-11,0.18476815521717072
2021-01-12,0.18222570419311523
2021-01-13,0.1879204660654068
2021-01-14,0.18876828253269196
2021-01-15,0.19246314465999603
2021-01-18,0.18898947536945343
2021-01-19,0.1888645589351654
2021-01-20,0.1866821050643921
2021-01-21,0.18901804089546204
2021-01-22,0.18693335354328156
2021-01-25,0.18296587467193604
2021-01-26,0.18296587467193604
2021-01-27,0.18678322434425354
2021-01-28,0.18475408852100372
2021-01-29,0.18389150500297546
2021-02-01,0.18312335014343262
2021-02-02,0.18414510786533356
2021-02-03,0.18632730841636658
2021-02-04,0.1868460327386856
2021-02-05,0.1843080073595047
2021-02-08,0.18624748289585114
2021-02-09,0.1864176243543625
2021-02-10,0.1859876960515976
2021-02-11,0.18570446968078613
2021-02-12,0.18637940287590027
2021-02-15,0.18626829981803894
2021-02-16,0.18628911674022675
2021-02-17,0.186240553855896
2021-02-18,0.18484970927238464
2021-02-19,0.1843046247959137
2021-02-22,0.18584942817687988
2021-02-23,0.183036208152771
2021-02-24,0.18383704125881195
2021-02-25,0.18508359789848328
2021-02-26,0.18089643120765686
2021-03-01,0.1786479949951172
2021-03-02,0.17728295922279358
2021-03-03,0.17620834708213806
2021-03-04,0.17801514267921448
2021-03-05,0.17641973495483398
2021-03-08,0.1757623702287674
2021-03-09,0.1702243536710739
2021-03-10,0.17236922681331635
2021-03-11,0.17633262276649475
2021-03-12,0.18067499995231628
2021-03-15,0.18197846412658691
2021-03-16,0.1781102418899536
2021-03-17,0.1778283566236496
2021-03-18,0.17911197245121002
2021-03-19,0.17989817261695862
2021-03-22,0.18203121423721313
2021-03-23,0.18163655698299408
2021-03-24,0.1811462938785553
2021-03-25,0.17794860899448395
2021-03-26,0.17704129219055176
2021-03-29,0.1738404929637909
2021-03-30,0.1729864478111267
2021-03-31,0.17326219379901886
2021-04-01,0.1775788962841034
2021-04-02,0.1752111315727234
2021-04-05,0.17511294782161713
2021-04-06,0.17659419775009155
2021-04-07,0.17878852784633636
2021-04-08,0.17818641662597656
2021-04-09,0.17964287102222443
2021-04-12,0.17607803642749786
2021-04-13,0.17445307970046997
2021-04-14,0.17493833601474762
2021-04-15,0.17690034210681915
2021-04-16,0.17809440195560455
2021-04-19,0.17902538180351257
2021-04-20,0.18033289909362793
2021-04-21,0.17960092425346375
2021-04-22,0.17960092425346375
2021-04-23,0.18371546268463135
2021-04-26,0.1825750321149826
2021-04-27,0.1839824914932251
2021-04-28,0.1834525763988495
2021-04-29,0.1872168332338333
2021-04-30,0.1873922497034073
2021-05-03,0.18383365869522095
2021-05-04,0.1838877648115158
2021-05-05,0.18373572826385498
2021-05-06,0.1868215948343277
2021-05-07,0.18962986767292023
2021-05-10,0.1910037249326706
2021-05-11,0.19149017333984375
2021-05-12,0.1915268450975418
2021-05-13,0.18856894969940186
2021-05-14,0.18840551376342773
2021-05-17,0.18977133929729462
2021-05-18,0.18969932198524475
2021-05-19,0.19013214111328125
2021-05-20,0.18839487433433533
2021-05-21,0.1893473118543625
2021-05-24,0.186504527926445
2021-05-25,0.1880229413509369
2021-05-26,0.18759262561798096
2021-05-27,0.18830618262290955
2021-05-28,0.19090527296066284
2021-05-31,0.19091255962848663
2021-06-01,0.19169574975967407
2021-06-02,0.19418606162071228
2021-06-03,0.19706374406814575
2021-06-04,0.1969938725233078
2021-06-07,0.1982317715883255
2021-06-08,0.19820819795131683
2021-06-09,0.19861367344856262
2021-06-10,0.19756989181041718
2021-06-11,0.1978435069322586
2021-06-14,0.19542700052261353
2021-06-15,0.1976831555366516
2021-06-16,0.19826321303844452
2021-06-17,0.19785134494304657
2021-06-18,0.19970443844795227
2021-06-21,0.19623233377933502
2021-06-22,0.19947735965251923
2021-06-23,0.2017308473587036
2021-06-24,0.2014017552137375
2021-06-25,0.20355404913425446
2021-06-28,0.20344224572181702
2021-06-29,0.20305393636226654
2021-06-30,0.2018122673034668
2021-07-01,0.20123963057994843
2021-07-02,0.19821204245090485
2021-07-05,0.1976597160100937
2021-07-06,0.19652314484119415
2021-07-07,0.19248166680335999
2021-07-08,0.19116072356700897
2021-07-09,0.19018638134002686
2021-07-12,0.19018998742103577
2021-07-13,0.19332264363765717
2021-07-14,0.1937083601951599
2021-07-15,0.19724254310131073
2021-07-16,0.1956947147846222
2021-07-19,0.19548813998699188
2021-07-20,0.19044354557991028
2021-07-21,0.19157454371452332
2021-07-22,0.19277851283550262
2021-07-23,0.1923224776983261
2021-07-26,0.19238539040088654
2021-07-27,0.1932217925786972
2021-07-28,0.19345727562904358
2021-07-29,0.1955110728740692
2021-07-30,0.19683489203453064
2021-08-02,0.19198647141456604
2021-08-03,0.19325165450572968
2021-08-04,0.19242610037326813
2021-08-05,0.19349096715450287
2021-08-06,0.19065049290657043
2021-08-09,0.19113150238990784
2021-08-10,0.19113880395889282
2021-08-11,0.19274134933948517
2021-08-12,0.19163694977760315
2021-08-13,0.19039639830589294
2021-08-16,0.19056694209575653
2021-08-17,0.19012491405010223
2021-08-18,0.18888238072395325
2021-08-19,0.18592198193073273
2021-08-20,0.18470290303230286
2021-08-23,0.18590815365314484
2021-08-24,0.18587705492973328
2021-08-25,0.19062869250774384
2021-08-26,0.19190174341201782
2021-08-27,0.19041816890239716
2021-08-30,0.19220420718193054
2021-08-31,0.19294217228889465
2021-09-01,0.19420115649700165
2021-09-02,0.19287891685962677
2021-09-03,0.19298313558101654
2021-09-06,0.19268566370010376
2021-09-07,0.19344978034496307
2021-09-08,0.1934385597705841
2021-09-09,0.18794873356819153
2021-09-10,0.19243721663951874
2021-09-13,0.19058509171009064
2021-09-14,0.19182075560092926
2021-09-15,0.19087976217269897
2021-09-16,0.19150850176811218
2021-09-17,0.19022978842258453
2021-09-20,0.18904663622379303
2021-09-21,0.18785692751407623
2021-09-22,0.1897929459810257
2021-09-23,0.1891181319952011
2021-09-24,0.18861162662506104
2021-09-27,0.1873711794614792
2021-09-28,0.18551498651504517
2021-09-29,0.18424350023269653
2021-09-30,0.18469607830047607
2021-10-01,0.18376609683036804
2021-10-04,0.1862925887107849
2021-10-05,0.18337857723236084
2021-10-06,0.182631716132164
2021-10-07,0.18208634853363037
2021-10-08,0.1812579184770584
2021-10-11,0.18159037828445435
2021-10-12,0.18063583970069885
2021-10-13,0.18078279495239258
2021-10-14,0.1814059019088745
2021-10-15,0.18141576647758484
2021-10-18,0.18320387601852417
2021-10-19,0.1814453899860382
2021-10-20,0.17910555005073547
2021-10-21,0.17868947982788086
2021-10-22,0.1767471432685852
2021-10-25,0.1770162135362625
2021-10-26,0.1800374537706375
2021-10-27,0.17970098555088043
2021-10-28,0.18066847324371338
2021-10-29,0.17715105414390564
2021-11-01,0.17750324308872223
2021-11-02,0.17609044909477234
2021-11-03,0.1760997474193573
2021-11-04,0.18010228872299194
2021-11-05,0.17851723730564117
2021-11-08,0.1804695874452591
2021-11-09,0.18040446937084198
2021-11-10,0.18251171708106995
2021-11-11,0.1821526736021042
2021-11-12,0.1852537989616394
2021-11-15,0.1832307130098343
2021-11-16,0.18327438831329346
2021-11-17,0.1817454844713211
2021-11-18,0.18087434768676758
2021-11-19,0.17997264862060547
2021-11-22,0.1782023012638092
2021-11-23,0.17903180420398712
2021-11-24,0.17952030897140503
2021-11-25,0.1784057766199112
2021-11-26,0.17969128489494324
2021-11-29,0.17832304537296295
2021-11-30,0.17854911088943481
2021-12-01,0.17790836095809937
2021-12-02,0.17569853365421295
2021-12-03,0.177200585603714
2021-12-06,0.17698805034160614
2021-12-07,0.17580871284008026
2021-12-08,0.17819593846797943
2021-12-09,0.18077951669692993
2021-12-10,0.17949776351451874
2021-12-13,0.17829567193984985
2021-12-14,0.17606563866138458
2021-12-15,0.1760377436876297
2021-12-16,0.17607493698596954
2021-12-17,0.1758272647857666
2021-12-20,0.17565245926380157
2021-12-21,0.17417657375335693
2021-12-22,0.17409470677375793
2021-12-23,0.17689722776412964
2021-12-24,0.17631100118160248
2021-12-27,0.17633262276649475
2021-12-28,0.17780621349811554
2021-12-29,0.17769880592823029
2021-12-30,0.17535552382469177
2021-12-31,0.17952676117420197
2022-01-03,0.1795557737350464
2022-01-04,0.17601914703845978
2022-01-05,0.17617420852184296
2022-01-06,0.1752653270959854
2022-01-07,0.17598196864128113
2022-01-10,0.1775505244731903
2022-01-11,0.1766097992658615
2022-01-12,0.17962028086185455
2022-01-13,0.1807272583246231
2022-01-14,0.18093979358673096
2022-01-17,0.18072398006916046
2022-01-18,0.18129736185073853
2022-01-19,0.17967191338539124
2022-01-20,0.18391819298267365
2022-01-21,0.18456654250621796
2022-01-24,0.18324752151966095
2022-01-25,0.1822788417339325
2022-01-26,0.18379974365234375
2022-01-27,0.18419033288955688
2022-01-28,0.18506576120853424
2022-01-31,0.1864767074584961
2022-02-01,0.18856894969940186
2022-02-02,0.189951553940773
2022-02-03,0.19008155167102814
2022-02-04,0.18928997218608856
2022-02-07,0.1877264380455017
2022-02-08,0.1900201439857483
2022-02-09,0.19017191231250763
2022-02-10,0.19104021787643433
2022-02-11,0.19052335619926453
2022-02-14,0.19047778844833374
2022-02-15,0.1917913258075714
2022-02-16,0.19387735426425934
2022-02-17,0.19471164047718048
2022-02-18,0.19340115785598755
2022-02-21,0.19464720785617828
2022-02-22,0.1959746778011322
2022-02-23,0.1977417916059494
2022-02-24,0.19965261220932007
2022-02-25,0.19522860646247864
2022-02-28,0.193820983171463
2022-03-01,0.1938585638999939
2022-03-02,0.1938360184431076
2022-03-03,0.1962129771709442
2022-03-04,0.19877159595489502
2022-03-07,0.19760657846927643
2022-03-08,0.1956755816936493
2022-03-09,0.19767533242702484
2022-03-10,0.19954106211662292
2022-03-11,0.19961275160312653
2022-03-14,0.1971025913953781
2022-03-15,0.19525910913944244
2022-03-16,0.1936783492565155
2022-03-17,0.19708803296089172
2022-03-18,0.19843631982803345
2022-03-21,0.19929052889347076
2022-03-22,0.20262601971626282
2022-03-23,0.20366600155830383
2022-03-24,0.2072882503271103
2022-03-25,0.20719805359840393
2022-03-28,0.21110853552818298
2022-03-29,0.20990322530269623
2022-03-30,0.21025188267230988
2022-03-31,0.20965678989887238
2022-04-01,0.21106842160224915
2022-04-04,0.21472129225730896
2022-04-05,0.21768470108509064
2022-04-06,0.21502138674259186
2022-04-07,0.21208009123802185
2022-04-08,0.21043328940868378
2022-04-11,0.21285200119018555
2022-04-12,0.2130560725927353
2022-04-13,0.213990718126297
2022-04-14,0.21321053802967072
2022-04-15,0.21272069215774536
2022-04-18,0.2127387970685959
2022-04-19,0.21496130526065826
2022-04-20,0.2143622785806656
2022-04-21,0.2164127379655838
2022-04-22,0.2164127379655838
2022-04-25,0.2085418850183487
2022-04-26,0.20507772266864777
2022-04-27,0.2000880390405655
2022-04-28,0.2014666646718979
2022-04-29,0.20251934230327606
2022-05-02,0.20115461945533752
2022-05-03,0.19666843116283417
2022-05-04,0.2016901671886444
2022-05-05,0.20330162346363068
2022-05-06,0.19888624548912048
2022-05-09,0.19683489203453064
2022-05-10,0.19376464188098907
2022-05-11,0.19488239288330078
2022-05-12,0.19477033615112305
2022-05-13,0.1948026716709137
2022-05-16,0.19769488275051117
2022-05-17,0.19764018058776855
2022-05-18,0.20250704884529114
2022-05-19,0.2013085037469864
2022-05-20,0.20283976197242737
2022-05-23,0.20490963757038116
2022-05-24,0.20774903893470764
2022-05-25,0.2075636088848114
2022-05-26,0.20734842121601105
2022-05-27,0.20972275733947754
2022-05-30,0.21143437922000885
2022-05-31,0.21041999757289886
2022-06-01,0.21139861643314362
2022-06-02,0.20766276121139526
2022-06-03,0.20852012932300568
2022-06-06,0.20942407846450806
2022-06-07,0.20858538150787354
2022-06-08,0.20544317364692688
2022-06-09,0.20416079461574554
2022-06-10,0.20394429564476013
2022-06-13,0.20064204931259155
2022-06-14,0.19556459784507751
2022-06-15,0.19546139240264893
2022-06-16,0.19794140756130219
2022-06-17,0.19793358445167542
2022-06-20,0.19409561157226562
2022-06-21,0.1927822232246399
2022-06-22,0.19520574808120728
2022-06-23,0.19254466891288757
2022-06-24,0.19091255962848663
2022-06-27,0.19078873097896576
2022-06-28,0.19095630943775177
2022-06-29,0.18987581133842468
2022-06-30,0.1930166482925415
2022-07-01,0.19040365517139435
2022-07-04,0.1875820755958557
2022-07-05,0.18767711520195007
2022-07-06,0.1856941282749176
2022-07-07,0.18422992527484894
2022-07-08,0.18732905387878418
2022-07-11,0.19033117592334747
2022-07-12,0.18597039580345154
2022-07-13,0.18394187092781067
2022-07-14,0.18549777567386627
2022-07-15,0.184406578540802
2022-07-18,0.18483947217464447
2022-07-19,0.18393172323703766
2022-07-20,0.18473704159259796
2022-07-21,0.18280866742134094
2022-07-22,0.18189094960689545
2022-07-25,0.18192733824253082
2022-07-26,0.18669603765010834
2022-07-27,0.1869123876094818
2022-07-28,0.1907304972410202
2022-07-29,0.19294960796833038
2022-08-01,0.19337871670722961
2022-08-02,0.19290123879909515
2022-08-03,0.18947647511959076
2022-08-04,0.1892971396446228
2022-08-05,0.19189806282520294
2022-08-08,0.19362583756446838
2022-08-09,0.19569090008735657
2022-08-10,0.19517144560813904
2022-08-11,0.19632095098495483
2022-08-12,0.19391117990016937
2022-08-15,0.19704821705818176
2022-08-16,0.19624774158000946
2022-08-17,0.19448673725128174
2022-08-18,0.19361084699630737
2022-08-19,0.1935359090566635
2022-08-22,0.19348348677158356
2022-08-23,0.193945050239563
2022-08-24,0.19594396650791168
2022-08-25,0.19569090008735657
2022-08-26,0.19574452936649323
2022-08-29,0.1975308656692505
2022-08-30,0.19891788065433502
2022-08-31,0.1952400505542755
2022-09-01,0.1929868459701538
2022-09-02,0.19082513451576233
2022-09-05,0.19338619709014893
2022-09-06,0.19402781128883362
2022-09-07,0.19057783484458923
2022-09-08,0.19059599936008453
2022-09-09,0.19181707501411438
2022-09-12,0.1943143606185913
2022-09-13,0.19638648629188538
2022-09-14,0.19268566370010376
2022-09-15,0.19369709491729736
2022-09-16,0.19061779975891113
2022-09-19,0.19045080244541168
2022-09-20,0.19338993728160858
2022-09-21,0.1944957673549652
2022-09-22,0.19340862333774567
2022-09-23,0.19548431038856506
2022-09-26,0.1901574432849884
2022-09-27,0.18554940819740295
2022-09-28,0.18593928217887878
2022-09-29,0.18607421219348907
2022-09-30,0.1853155791759491
2022-10-03,0.18469607830047607
2022-10-04,0.19366709887981415
2022-10-05,0.19320684671401978
2022-10-06,0.19248537719249725
2022-10-07,0.19156721234321594
2022-10-10,0.19236688315868378
2022-10-11,0.19279709458351135
2022-10-12,0.18896090984344482
2022-10-13,0.18898232281208038
2022-10-14,0.19012129306793213
2022-10-17,0.18770882487297058
2022-10-18,0.1894887238740921
2022-10-19,0.1908469796180725
2022-10-20,0.18978214263916016
2022-10-21,0.19169574975967407
2022-10-24,0.1936708241701126
2022-10-25,0.18845878541469574
2022-10-26,0.1881396770477295
2022-10-27,0.1857389509677887
2022-10-28,0.18729397654533386
2022-10-31,0.18908953666687012
2022-11-01,0.19309492409229279
2022-11-02,0.19446173310279846
2022-11-03,0.194454163312912
2022-11-04,0.1955072432756424
2022-11-07,0.19692279398441315
2022-11-08,0.1940494030714035
2022-11-09,0.19443903863430023
2022-11-10,0.1928565800189972
2022-11-11,0.18721053004264832
2022-11-14,0.1894277036190033
2022-11-15,0.18757502734661102
2022-11-16,0.18755744397640228
2022-11-17,0.18521948158740997
2022-11-18,0.18443039059638977
2022-11-21,0.18582870066165924
2022-11-22,0.18801939487457275
2022-11-23,0.18664726614952087
2022-11-24,0.1866263449192047
2022-11-25,0.18796992301940918
2022-11-28,0.1848941445350647
2022-11-29,0.18640372157096863
2022-11-30,0.18981815874576569
2022-12-01,0.1929909884929657
2022-12-02,0.1929161250591278
2022-12-05,0.1916443109512329
2022-12-06,0.18939393758773804
2022-12-07,0.1910584568977356
2022-12-08,0.19215987622737885
2022-12-09,0.19141320884227753
2022-12-12,0.19102196395397186
2022-12-13,0.18792399764060974
2022-12-14,0.18893592059612274
2022-12-15,0.18949441611766815
2022-12-16,0.18826009333133698
2022-12-19,0.18844780325889587
2022-12-20,0.18897874653339386
2022-12-21,0.19236688315868378
2022-12-22,0.1923113912343979
2022-12-23,0.19358836114406586
2022-12-26,0.19363708794116974
2022-12-27,0.19166266918182373
2022-12-28,0.18895375728607178
2022-12-29,0.18986861407756805
2022-12-30,0.1892290860414505
2023-01-02,0.1891968548297882
2023-01-03,0.18656261265277863
2023-01-04,0.1825317144393921
2023-01-05,0.18415866792201996
2023-01-06,0.18692287802696228
2023-01-09,0.19140954315662384
2023-01-10,0.19034205377101898
2023-01-11,0.19237059354782104
2023-01-12,0.19385479390621185
2023-01-13,0.1957828402519226
2023-01-16,0.19682326912879944
2023-01-17,0.19432570040225983
2023-01-18,0.19609381258487701
2023-01-19,0.19285288453102112
2023-01-20,0.1933114230632782
2023-01-23,0.1920749992132187
2023-01-24,0.1920897364616394
2023-01-25,0.19461309909820557
2023-01-26,0.19715312123298645
2023-01-27,0.19752129912376404
2023-01-30,0.1958020031452179
2023-01-31,0.1955072432756424
2023-02-01,0.19715312123298645
2023-02-02,0.19788265228271484
2023-02-03,0.19805116951465607
2023-02-06,0.19418230652809143
2023-02-07,0.19433702528476715
2023-02-08,0.19196437299251556
2023-02-09,0.19232618808746338
2023-02-10,0.18905377388000488
2023-02-13,0.19181035459041595
2023-02-14,0.1938585638999939
2023-02-15,0.19262254238128662
2023-02-16,0.1916443109512329
2023-02-17,0.1916883885860443
2023-02-20,0.1936045140028
2023-02-21,0.19354714453220367
2023-02-22,0.19355462491512299
2023-02-23,0.19412952661514282
2023-02-24,0.19469647109508514
2023-02-27,0.19201967120170593
2023-02-28,0.19231879711151123
2023-03-01,0.19098913669586182
2023-03-02,0.19311358034610748
2023-03-03,0.1923224776983261
2023-03-06,0.19251501560211182
2023-03-07,0.19409184157848358
2023-03-08,0.19267822802066803
2023-03-09,0.19438612461090088
2023-03-10,0.19365958869457245
2023-03-13,0.1917324960231781
2023-03-14,0.19063232839107513
2023-03-15,0.19041453301906586
2023-03-16,0.18913960456848145
2023-03-17,0.19121921062469482
2023-03-20,0.18947288393974304
2023-03-21,0.1909964233636856
2023-03-22,0.19080692529678345
2023-03-23,0.19098183512687683
2023-03-24,0.18879680335521698
2023-03-27,0.19065412878990173
2023-03-28,0.1924149990081787
2023-03-29,0.1936333328485489
2023-03-30,0.19477230310440063
2023-03-31,0.19635950028896332
2023-04-03,0.19753865897655487
2023-04-04,0.19750745594501495
2023-04-05,0.19721142947673798
2023-04-06,0.19868077337741852
2023-04-07,0.19769488275051117
2023-04-10,0.1978474259376526
2023-04-11,0.19742166996002197
2023-04-12,0.19984011352062225
2023-04-13,0.20338016748428345
2023-04-14,0.20297561585903168
2023-04-17,0.20371992886066437
2023-04-18,0.2024373561143875
2023-04-19,0.20062997937202454
2023-04-20,0.19707152247428894
2023-04-21,0.19811002910137177
2023-04-24,0.1981021761894226
2023-04-25,0.19867286086082458
2023-04-26,0.19789831340312958
2023-04-27,0.19829465448856354
2023-04-28,0.2009565532207489
2023-05-01,0.20056156814098358
2023-05-02,0.20048518478870392
2023-05-03,0.1984757035970688
2023-05-04,0.20022425055503845
2023-05-05,0.20069842040538788
2023-05-08,0.2019508332014084
2023-05-09,0.19968052208423615
2023-05-10,0.20056559145450592
2023-05-11,0.20231038331985474
2023-05-12,0.20286032557487488
2023-05-15,0.20324377715587616
2023-05-16,0.20458684861660004
2023-05-17,0.20245373249053955
2023-05-18,0.20252345502376556
2023-05-19,0.20143422484397888
2023-05-22,0.20012807846069336
2023-05-23,0.20136524736881256
2023-05-24,0.20115867257118225
2023-05-25,0.2016698271036148
2023-05-26,0.1986018419265747
2023-05-29,0.20028840005397797
2023-05-30,0.19927862286567688
2023-05-31,0.198617622256279
2023-06-01,0.19783176481723785
2023-06-02,0.19947735965251923
2023-06-05,0.20175118744373322
2023-06-06,0.20302094519138336
2023-06-07,0.20358306169509888
2023-06-08,0.20315293967723846
2023-06-09,0.20316530764102936
2023-06-12,0.20500624179840088
2023-06-13,0.2057359218597412
2023-06-14,0.2057189792394638
2023-06-15,0.20768432319164276
2023-06-16,0.20793479681015015
2023-06-19,0.20802995562553406
2023-06-20,0.20934079587459564
2023-06-21,0.20879878103733063
2023-06-22,0.20998257398605347
2023-06-23,0.20965518057346344
2023-06-26,0.20896457135677338
2023-06-27,0.2097623348236084
2023-06-28,0.20787858963012695
2023-06-29,0.20616431534290314
2023-06-30,0.20594777166843414
2023-07-03,0.20902135968208313
2023-07-04,0.20805159211158752
2023-07-05,0.20661583542823792
2023-07-06,0.206304669380188
2023-07-07,0.20330573618412018
2023-07-10,0.20530086755752563
2023-07-11,0.20415662229061127
2023-07-12,0.20612181723117828
2023-07-13,0.20760241150856018
2023-07-14,0.20855927467346191
2023-07-17,0.20885111391544342
2023-07-18,0.2080819010734558
2023-07-19,0.20793047547340393
2023-07-20,0.20877262949943542
2023-07-21,0.2084679752588272
2023-07-24,0.2093188762664795
2023-07-25,0.21161781251430511
2023-07-26,0.21057508885860443
2023-07-27,0.2111397385597229
2023-07-28,0.21089927852153778
2023-07-31,0.21171638369560242
2023-08-01,0.21165364980697632
2023-08-02,0.2086811363697052
2023-08-03,0.20788292586803436
2023-08-04,0.2034008651971817
2023-08-07,0.204691544175148
2023-08-08,0.20412328839302063
2023-08-09,0.20413994789123535
2023-08-10,0.20401085913181305
2023-08-11,0.2044362723827362
2023-08-14,0.20362453162670135
2023-08-15,0.20152758061885834
2023-08-16,0.20067426562309265
2023-08-17,0.20052538812160492
2023-08-18,0.20098482072353363
2023-08-21,0.20133282244205475
2023-08-22,0.20085564255714417
2023-08-23,0.2025480568408966
2023-08-24,0.205968976020813
2023-08-25,0.2049054354429245
2023-08-28,0.20532195270061493
2023-08-29,0.2052292376756668
2023-08-30,0.20613032579421997
2023-08-31,0.20456591248512268
2023-09-01,0.20186522603034973
2023-09-04,0.20095252990722656
2023-09-05,0.20258498191833496
2023-09-06,0.2013409286737442
2023-09-07,0.20092424750328064
2023-09-08,0.20096059143543243
2023-09-11,0.20068232715129852
2023-09-12,0.20286445319652557
2023-09-13,0.2021590620279312
2023-09-14,0.20344224572181702
2023-09-15,0.20541474223136902
2023-09-18,0.2054653763771057
2023-09-19,0.20602838695049286
2023-09-20,0.205516055226326
2023-09-21,0.2049684375524521
2023-09-22,0.20263835787773132
2023-09-25,0.20267942547798157
2023-09-26,0.20127609372138977
2023-09-27,0.2005535364151001
2023-09-28,0.19832612574100494
2023-09-29,0.1986965388059616
2023-10-02,0.19830253720283508
2023-10-03,0.19756989181041718
2023-10-04,0.19356213510036469
2023-10-05,0.1940014660358429
2023-10-06,0.19361084699630737
2023-10-09,0.19433702528476715
2023-10-10,0.1947343796491623
2023-10-11,0.197980597615242
2023-10-12,0.19803547859191895
2023-10-13,0.19818070530891418
2023-10-16,0.19809040427207947
2023-10-17,0.19850721955299377
2023-10-18,0.1985151171684265
2023-10-19,0.19778090715408325
2023-10-20,0.19751524925231934
2023-10-23,0.19875578582286835
2023-10-24,0.19950920343399048
2023-10-25,0.20036064088344574
2023-10-26,0.20021222531795502
2023-10-27,0.20058973133563995
2023-10-30,0.20193737745285034
2023-10-31,0.19817283749580383
2023-11-01,0.1986452341079712
2023-11-02,0.20186930894851685
2023-11-03,0.20190191268920898
2023-11-06,0.20411495864391327
2023-11-07,0.20474600791931152
2023-11-08,0.20527558028697968
2023-11-09,0.20369502902030945
2023-11-10,0.20267942547798157
2023-11-13,0.20435775816440582
2023-11-14,0.2038237303495407
2023-11-15,0.20557096600532532
2023-11-16,0.20572322607040405
2023-11-17,0.20566822588443756
2023-11-20,0.2075043022632599
2023-11-21,0.20610907673835754
2023-11-22,0.204110786318779
2023-11-23,0.2038528174161911
2023-11-24,0.2039775550365448
2023-11-27,0.2040441632270813
2023-11-28,0.20426921546459198
2023-11-29,0.2053472399711609
2023-11-30,0.20391102135181427
2023-12-01,0.2031240463256836
2023-12-04,0.20399174094200134
2023-12-05,0.20230220258235931
2023-12-06,0.20293442904949188
2023-12-07,0.20403167605400085
2023-12-08,0.20366184413433075
2023-12-11,0.20436164736747742
2023-12-12,0.20256447792053223
2023-12-13,0.20143015682697296
2023-12-14,0.20331816375255585
2023-12-15,0.20347535610198975
2023-12-18,0.2032661885023117
2023-12-19,0.20425254106521606
2023-12-20,0.2054864913225174
2023-12-21,0.20347535610198975
2023-12-22,0.2048424631357193
2023-12-25,0.20534539222717285
2023-12-26,0.2053496092557907
2023-12-27,0.20774903893470764
2023-12-28,0.20720665156841278
2023-12-29,0.20617705583572388
2024-01-01,0.20616431534290314
2024-01-02,0.20608359575271606
2024-01-03,0.20314879715442657
2024-01-04,0.2032850831747055
2024-01-05,0.2042650580406189
2024-01-08,0.20573307573795319
2024-01-09,0.20538097620010376
2024-01-10,0.20386944711208344
2024-01-11,0.20444045960903168
2024-01-12,0.20535145699977875
2024-01-15,0.20606234669685364
2024-01-16,0.20566822588443756
2024-01-17,0.20304980874061584
2024-01-18,0.20267531275749207
2024-01-19,0.20300035178661346
2024-01-22,0.20388847589492798
2024-01-23,0.20046910643577576
2024-01-24,0.2019304633140564
2024-01-25,0.202736958861351
2024-01-26,0.20342569053173065
2024-01-29,0.20351676642894745
2024-01-30,0.20201203227043152
2024-01-31,0.2020079493522644
2024-02-01,0.20194268226623535
2024-02-02,0.20345880091190338
2024-02-05,0.20271894335746765
2024-02-06,0.202022522687912
2024-02-07,0.2015194594860077
2024-02-08,0.2012355923652649
2024-02-09,0.20032452046871185
2024-02-12,0.20189376175403595
2024-02-13,0.2019304633140564
2024-02-14,0.20193859934806824
2024-02-15,0.20127609372138977
2024-02-16,0.2011101245880127
2024-02-19,0.2014058232307434
2024-02-20,0.20175933837890625
2024-02-21,0.20298796892166138
2024-02-22,0.20263835787773132
2024-02-23,0.20151539146900177
2024-02-26,0.20026032626628876
2024-02-27,0.2008475810289383
2024-02-28,0.20274105668067932
2024-02-29,0.20131660997867584
2024-03-01,0.20121534168720245
2024-03-04,0.20191006362438202
2024-03-05,0.20222856104373932
2024-03-06,0.2017308473587036
2024-03-07,0.20228172838687897
2024-03-08,0.20268352329730988
2024-03-11,0.20090244710445404
2024-03-12,0.2009081095457077
2024-03-13,0.20125989615917206
2024-03-14,0.20123963057994843
2024-03-15,0.2002924233675003
2024-03-18,0.20128633081912994
2024-03-19,0.19883087277412415
2024-03-20,0.19880715012550354
2024-03-21,0.20136120915412903
2024-03-22,0.20102521777153015
2024-03-25,0.1999640166759491
2024-03-26,0.20111821591854095
2024-03-27,0.20097674429416656
2024-03-28,0.20038874447345734
2024-03-29,0.19943758845329285
2024-04-01,0.19947339594364166
2024-04-02,0.19787874817848206
2024-04-03,0.1974567472934723
2024-04-04,0.19846783578395844
2024-04-05,0.19773004949092865
2024-04-08,0.19782784581184387
2024-04-09,0.19904854893684387
2024-04-10,0.19969646632671356
2024-04-11,0.19738660752773285
2024-04-12,0.1964482069015503
2024-04-15,0.1954232007265091
2024-04-16,0.19291239976882935
2024-04-17,0.1891968548297882
2024-04-18,0.1911095678806305
2024-04-19,0.19077779352664948
2024-04-22,0.19207866489887238
2024-04-23,0.193584606051445
2024-04-24,0.19491277635097504
2024-04-25,0.19434456527233124
2024-04-26,0.1938510537147522
2024-04-29,0.19548431038856506
2024-04-30,0.19542700052261353
2024-05-01,0.19253353774547577
2024-05-02,0.19251501560211182
2024-05-03,0.19568322598934174
2024-05-06,0.1972036510705948
2024-05-07,0.19704821705818176
2024-05-08,0.1971103698015213
2024-05-09,0.19654473662376404
2024-05-10,0.19452224671840668
2024-05-13,0.1951882243156433
2024-05-14,0.19401653110980988
2024-05-15,0.19501540064811707
2024-05-16,0.19479507207870483
2024-05-17,0.19498498737812042
2024-05-20,0.1960015594959259
2024-05-21,0.19595932960510254
2024-05-22,0.1952400505542755
2024-05-23,0.19413328170776367
2024-05-24,0.1944352686405182
2024-05-27,0.193431094288826
2024-05-28,0.19336001574993134
2024-05-29,0.19374963641166687
2024-05-30,0.19223007559776306
2024-05-31,0.19223007559776306
2024-06-03,0.19067957997322083
2024-06-04,0.19051247835159302
2024-06-05,0.1891181319952011
2024-06-06,0.1886650174856186
2024-06-07,0.1902189403772354
2024-06-10,0.1897374391555786
2024-06-11,0.18681812286376953
2024-06-12,0.1863967627286911
2024-06-13,0.1851508915424347
2024-06-14,0.18651148676872253
2024-06-17,0.1866646707057953
2024-06-18,0.18436579406261444
2024-06-19,0.18382690846920013
2024-06-20,0.18442018330097198
2024-06-21,0.18340545892715454
2024-06-24,0.18429353833198547
2024-06-25,0.18555286526679993
2024-06-26,0.18346267938613892
2024-06-27,0.18107740581035614
2024-06-28,0.18180164694786072
2024-07-01,0.1788301020860672
2024-07-02,0.17683465778827667
2024-07-03,0.1761959344148636
2024-07-04,0.1800050437450409
2024-07-05,0.1822688728570938
2024-07-08,0.18277224898338318
2024-07-09,0.1828019917011261
2024-07-10,0.1846006214618683
2024-07-11,0.1846824437379837
2024-07-12,0.18389113247394562
2024-07-15,0.184406578540802
2024-07-16,0.18359403312206268
2024-07-17,0.18435557186603546
2024-07-18,0.18222570419311523
2024-07-19,0.18040120601654053
2024-07-22,0.1811307966709137
2024-07-23,0.17951065301895142
2024-07-24,0.17904141545295715
2024-07-25,0.1768784373998642
2024-07-26,0.1772075742483139
2024-07-29,0.1778460443019867
2024-07-30,0.1781102418899536
2024-07-31,0.17821817100048065
2024-08-01,0.17678463459014893
2024-08-02,0.17389489710330963
2024-08-05,0.1746206432580948
2024-08-06,0.1747976690530777
2024-08-07,0.17681902647018433
2024-08-08,0.17743709683418274
2024-08-09,0.18030688166618347
2024-08-12,0.18161015212535858
2024-08-13,0.18208634853363037
2024-08-14,0.18329453468322754
2024-08-15,0.1828521192073822
2024-08-16,0.18231873214244843
2024-08-19,0.18277192115783691
2024-08-20,0.18499334156513214
2024-08-21,0.18254505097866058
2024-08-22,0.18239854276180267
2024-08-23,0.1788620799779892
2024-08-26,0.1823021024465561
2024-08-27,0.18196044862270355
2024-08-28,0.18155738711357117
2024-08-29,0.17978496849536896
2024-08-30,0.1776924878358841
2024-09-02,0.17827853560447693
2024-09-03,0.17809122800827026
2024-09-04,0.1770695000886917
2024-09-05,0.17724210023880005
2024-09-06,0.17961382865905762
2024-09-09,0.1786799132823944
2024-09-10,0.17907346785068512
2024-09-11,0.17658796906471252
2024-09-12,0.1764477640390396
2024-09-13,0.17775565385818481
2024-09-16,0.1781778484582901
2024-09-17,0.18168935179710388
2024-09-18,0.18242515623569489
2024-09-19,0.18311664462089539
2024-09-20,0.18436917662620544
2024-09-23,0.18136970698833466
2024-09-24,0.1806325763463974
2024-09-25,0.18349634110927582
2024-09-26,0.18268842995166779
2024-09-27,0.18393510580062866
2024-09-30,0.18405359983444214
2024-10-01,0.18353675305843353
2024-10-02,0.18436579406261444
2024-10-03,0.18381339311599731
2024-10-04,0.1826050579547882
2024-10-07,0.1833415925502777
2024-10-08,0.18201011419296265
2024-10-09,0.18067826330661774
2024-10-10,0.1786958873271942
2024-10-11,0.17915689945220947
2024-10-14,0.1782340556383133
2024-10-15,0.17874059081077576
2024-10-16,0.17692852020263672
2024-10-17,0.17642906308174133
2024-10-18,0.17693477869033813
2024-10-21,0.17743395268917084
2024-10-22,0.17580562829971313
2024-10-23,0.17576853930950165
2024-10-24,0.1758551001548767
2024-10-25,0.1765536665916443
2024-10-28,0.17587634921073914
2024-10-29,0.17512522637844086
2024-10-30,0.1736111044883728
2024-10-31,0.1735418140888214
2024-11-01,0.1727294623851776
2024-11-04,0.17613305151462555
2024-11-05,0.17269368469715118
2024-11-06,0.17422209680080414
2024-11-07,0.17621766030788422
2024-11-08,0.17571604251861572
2024-11-11,0.1743253618478775
2024-11-12,0.1737498641014099
2024-11-13,0.17396751046180725
2024-11-14,0.17223858833312988
2024-11-15,0.17276228964328766
2024-11-18,0.1725744605064392
2024-11-19,0.17402200400829315
2024-11-20,0.17325617372989655
2024-11-21,0.1732892096042633
2024-11-22,0.17199566960334778
2024-11-25,0.17243459820747375
2024-11-26,0.17249706387519836
2024-11-27,0.17212890088558197
2024-11-28,0.16842389106750488
2024-11-29,0.16628144681453705
2024-12-02,0.16741445660591125
2024-12-03,0.16510368883609772
2024-12-04,0.16547799110412598
2024-12-05,0.16559581458568573
2024-12-06,0.16638104617595673
2024-12-09,0.164249449968338
2024-12-10,0.16456571221351624
2024-12-11,0.16541776061058044
2024-12-12,0.16799099743366241
2024-12-13,0.16677507758140564
2024-12-16,0.1655382364988327
2024-12-17,0.16267305612564087
2024-12-18,0.16384847462177277
2024-12-19,0.15901032090187073
2024-12-20,0.16255933046340942
2024-12-23,0.1643601506948471
2024-12-24,0.16144916415214539
2024-12-25,0.16192758083343506
2024-12-26,0.1617390215396881
2024-12-27,0.16264130175113678
2024-12-30,0.16145437955856323
2024-12-31,0.16186730563640594
2025-01-02,0.158730149269104
2025-01-03,0.16257518529891968
2025-01-06,0.16179397702217102
2025-01-07,0.16351893544197083
2025-01-08,0.16391023993492126
2025-01-09,0.16377869248390198
2025-01-10,0.16571107506752014
2025-01-13,0.16377602517604828
2025-01-14,0.16411198675632477
2025-01-15,0.1651582270860672
2025-01-16,0.16632847487926483
2025-01-17,0.16529197990894318
2025-01-20,0.16484884917736053
2025-01-21,0.16584298014640808
2025-01-22,0.1660991609096527
2025-01-23,0.16834166646003723
2025-01-24,0.16880486905574799
2025-01-27,0.16923050582408905
2025-01-28,0.1697043776512146
2025-01-29,0.1707621067762375
2025-01-30,0.1707446128129959
2025-01-31,0.1702272593975067
2025-02-03,0.17121528089046478
2025-02-04,0.17222967743873596
2025-02-05,0.1736985594034195
2025-02-06,0.17232763767242432
2025-02-07,0.17359603941440582
2025-02-10,0.1723187267780304
2025-02-11,0.1728040874004364
2025-02-12,0.17347557842731476
2025-02-13,0.17347858846187592
2025-02-14,0.17340338230133057
2025-02-17,0.17540167272090912
2025-02-18,0.1750669628381729
2025-02-19,0.17579017579555511
2025-02-20,0.17481599748134613
2025-02-21,0.175398588180542
2025-02-24,0.17448961734771729
2025-02-25,0.17307625710964203
2025-02-26,0.1742069125175476
2025-02-27,0.1723632663488388
2025-02-28,0.17126218974590302
2025-03-03,0.17005644738674164
2025-03-04,0.1660991609096527
2025-03-05,0.16990332305431366
2025-03-06,0.1742129921913147
2025-03-07,0.17352072894573212
2025-03-10,0.17292362451553345
2025-03-11,0.17085547745227814
2025-03-12,0.17215852439403534
2025-03-13,0.17247921228408813
2025-03-14,0.17245839536190033
2025-03-17,0.17419782280921936
2025-03-18,0.1761162132024765
2025-03-19,0.17630153894424438
2025-03-20,0.17705069482326508
2025-03-21,0.17624561488628387
2025-03-24,0.17453224956989288
2025-03-25,0.17358700931072235
2025-03-26,0.17548786103725433
2025-03-27,0.1744135320186615
2025-03-28,0.17423728108406067
2025-03-31,0.17366839945316315
2025-04-01,0.17548786103725433
