Price,Close
Ticker,STRA
Date,
2020-04-01,106.59699249267578
2020-04-02,103.25935363769531
2020-04-03,100.87285614013672
2020-04-06,109.7530517578125
2020-04-07,110.0211181640625
2020-04-08,113.3674087524414
2020-04-09,116.60990142822266
2020-04-13,120.10321044921875
2020-04-14,130.17666625976562
2020-04-15,125.1355972290039
2020-04-16,126.89087677001953
2020-04-17,128.71534729003906
2020-04-20,126.74390411376953
2020-04-21,126.56229400634766
2020-04-22,126.29425048828125
2020-04-23,124.01154327392578
2020-04-24,123.6916275024414
2020-04-27,127.10708618164062
2020-04-28,129.8307647705078
2020-04-29,145.42083740234375
2020-04-30,137.74256896972656
2020-05-01,129.89132690429688
2020-05-04,129.18228149414062
2020-05-05,136.01321411132812
2020-05-06,139.95611572265625
2020-05-07,143.9681854248047
2020-05-08,147.48744201660156
2020-05-11,145.42083740234375
2020-05-12,141.97079467773438
2020-05-13,141.70272827148438
2020-05-14,140.87266540527344
2020-05-15,142.3599090576172
2020-05-18,146.5276336669922
2020-05-19,144.20167541503906
2020-05-20,145.38629150390625
2020-05-21,146.3028106689453
2020-05-22,146.65733337402344
2020-05-26,147.8419189453125
2020-05-27,152.37283325195312
2020-05-28,147.4095916748047
2020-05-29,147.19265747070312
2020-06-01,149.71774291992188
2020-06-02,149.1103515625
2020-06-03,152.09536743164062
2020-06-04,155.384033203125
2020-06-05,159.31484985351562
2020-06-08,160.0784454345703
2020-06-09,156.13026428222656
2020-06-10,152.61598205566406
2020-06-11,142.836669921875
2020-06-12,140.23350524902344
2020-06-15,128.5365447998047
2020-06-16,134.81887817382812
2020-06-17,130.36741638183594
2020-06-18,128.8662872314453
2020-06-19,126.6275405883789
2020-06-22,133.0139923095703
2020-06-23,131.8512725830078
2020-06-24,128.6666717529297
2020-06-25,128.4584197998047
2020-06-26,128.23284912109375
2020-06-29,133.34371948242188
2020-06-30,133.3263702392578
2020-07-01,137.61297607421875
2020-07-02,137.55221557617188
2020-07-06,139.76492309570312
2020-07-07,137.0402374267578
2020-07-08,136.10311889648438
2020-07-09,131.1397705078125
2020-07-10,132.71896362304688
2020-07-13,132.24172973632812
2020-07-14,133.03138732910156
2020-07-15,141.57847595214844
2020-07-16,141.67391967773438
2020-07-17,142.70652770996094
2020-07-20,143.67835998535156
2020-07-21,146.32496643066406
2020-07-22,145.51795959472656
2020-07-23,144.8411407470703
2020-07-24,142.1598663330078
2020-07-27,143.4701385498047
2020-07-28,142.0123291015625
2020-07-29,121.05674743652344
2020-07-30,116.62261199951172
2020-07-31,109.51593780517578
2020-08-03,104.55252838134766
2020-08-04,102.25304412841797
2020-08-05,99.22469329833984
2020-08-06,104.44839477539062
2020-08-07,100.96882629394531
2020-08-10,105.15994262695312
2020-08-11,105.4462890625
2020-08-12,101.6456298828125
2020-08-13,101.58488464355469
2020-08-14,102.09686279296875
2020-08-17,100.71717834472656
2020-08-18,98.5391616821289
2020-08-19,94.00963592529297
2020-08-20,91.41513061523438
2020-08-21,91.34571075439453
2020-08-24,88.59502410888672
2020-08-25,89.15904998779297
2020-08-26,88.91607666015625
2020-08-27,89.78379821777344
2020-08-28,89.97471618652344
2020-08-31,89.00284576416016
2020-09-01,89.02886962890625
2020-09-02,88.51691436767578
2020-09-03,83.90821075439453
2020-09-04,82.82585906982422
2020-09-08,82.59891510009766
2020-09-09,80.90556335449219
2020-09-10,78.76704406738281
2020-09-11,77.27445983886719
2020-09-14,78.29570770263672
2020-09-15,78.5663070678711
2020-09-16,81.17616271972656
2020-09-17,81.87443542480469
2020-09-18,79.70101165771484
2020-09-21,78.93289947509766
2020-09-22,82.20612335205078
2020-09-23,82.40689086914062
2020-09-24,81.86571502685547
2020-09-25,82.89569091796875
2020-09-28,82.8171157836914
2020-09-29,82.17121887207031
2020-09-30,79.84066772460938
2020-10-01,79.85813903808594
2020-10-02,79.52645874023438
2020-10-05,80.26838684082031
2020-10-06,81.74351501464844
2020-10-07,82.04027557373047
2020-10-08,83.36703491210938
2020-10-09,84.17005157470703
2020-10-12,85.1302261352539
2020-10-13,83.70745849609375
2020-10-14,83.92566680908203
2020-10-15,84.3533706665039
2020-10-16,84.43193054199219
2020-10-19,85.44444274902344
2020-10-20,84.79854583740234
2020-10-21,83.83837127685547
2020-10-22,83.61143493652344
2020-10-23,83.93440246582031
2020-10-26,81.92681121826172
2020-10-27,78.54884338378906
2020-10-28,72.77049255371094
2020-10-29,73.59098052978516
2020-10-30,72.49990844726562
2020-11-02,73.52987670898438
2020-11-03,75.7644271850586
2020-11-04,87.28617858886719
2020-11-05,78.52264404296875
2020-11-06,76.41905975341797
2020-11-09,78.55757141113281
2020-11-10,78.55757141113281
2020-11-11,75.89533233642578
2020-11-12,75.20578002929688
2020-11-13,76.74201965332031
2020-11-16,78.54884338378906
2020-11-17,78.9939956665039
2020-11-18,77.31810760498047
2020-11-19,77.17845153808594
2020-11-20,77.7894515991211
2020-11-23,78.68849182128906
2020-11-24,80.87939453125
2020-11-25,79.77084350585938
2020-11-27,81.87076568603516
2020-11-30,82.49459075927734
2020-12-01,82.81092071533203
2020-12-02,79.6654052734375
2020-12-03,81.86198425292969
2020-12-04,81.88833618164062
2020-12-07,81.87076568603516
2020-12-08,81.9762191772461
2020-12-09,81.15029907226562
2020-12-10,84.56817626953125
2020-12-11,83.27658081054688
2020-12-14,82.38916015625
2020-12-15,86.62415313720703
2020-12-16,83.91798400878906
2020-12-17,84.48030090332031
2020-12-18,85.73674774169922
2020-12-21,84.51544952392578
2020-12-22,81.81806182861328
2020-12-23,86.11456298828125
2020-12-24,85.30621337890625
2020-12-28,85.35013580322266
2020-12-29,82.42431640625
2020-12-30,84.34851837158203
2020-12-31,83.75981903076172
2021-01-04,80.69338989257812
2021-01-05,83.30293273925781
2021-01-06,80.57038879394531
2021-01-07,78.71648406982422
2021-01-08,79.7356948852539
2021-01-11,81.9322738647461
2021-01-12,79.99928283691406
2021-01-13,78.5671157836914
2021-01-14,80.56161499023438
2021-01-15,81.75655364990234
2021-01-19,80.9482192993164
2021-01-20,78.8131332397461
2021-01-21,79.55998229980469
2021-01-22,78.06629943847656
2021-01-25,79.94657135009766
2021-01-26,78.11901092529297
2021-01-27,78.25959777832031
2021-01-28,76.10697174072266
2021-01-29,77.64456176757812
2021-02-01,79.34031677246094
2021-02-02,80.57038879394531
2021-02-03,78.1278076171875
2021-02-04,79.16456604003906
2021-02-05,79.43695831298828
2021-02-08,82.84606170654297
2021-02-09,82.7230453491211
2021-02-10,83.68074035644531
2021-02-11,84.54180908203125
2021-02-12,82.95149230957031
2021-02-16,81.81806182861328
2021-02-17,81.20301055908203
2021-02-18,83.2414321899414
2021-02-19,82.7845458984375
2021-02-22,79.6654052734375
2021-02-23,81.59839630126953
2021-02-24,82.52973937988281
2021-02-25,79.48967742919922
2021-02-26,79.88506317138672
2021-03-01,75.99273681640625
2021-03-02,70.03561401367188
2021-03-03,69.46450805664062
2021-03-04,70.88790130615234
2021-03-05,71.34820556640625
2021-03-08,73.9241714477539
2021-03-09,73.39306640625
2021-03-10,74.19859313964844
2021-03-11,77.35881042480469
2021-03-12,78.64234924316406
2021-03-15,77.7659912109375
2021-03-16,76.54440307617188
2021-03-17,77.63321685791016
2021-03-18,77.16405487060547
2021-03-19,77.47388458251953
2021-03-22,75.77427673339844
2021-03-23,77.5447006225586
2021-03-24,78.96104431152344
2021-03-25,81.6343765258789
2021-03-26,82.42222595214844
2021-03-29,79.6692123413086
2021-03-30,80.56329345703125
2021-03-31,81.35997772216797
2021-04-01,82.22748565673828
2021-04-05,81.82913208007812
2021-04-06,80.92621612548828
2021-04-07,81.31570434570312
2021-04-08,81.82028198242188
2021-04-09,80.11182403564453
2021-04-12,76.83654022216797
2021-04-13,77.19061279296875
2021-04-14,75.74771118164062
2021-04-15,76.91619110107422
2021-04-16,79.01416778564453
2021-04-19,76.05753326416016
2021-04-20,76.34080505371094
2021-04-21,74.6677474975586
2021-04-22,75.11920928955078
2021-04-23,75.62378692626953
2021-04-26,76.05753326416016
2021-04-27,72.39276885986328
2021-04-28,73.25141906738281
2021-04-29,69.13518524169922
2021-04-30,66.44412231445312
2021-05-03,68.12602233886719
2021-05-04,68.60403442382812
2021-05-05,67.43556213378906
2021-05-06,67.07262420654297
2021-05-07,68.43585205078125
2021-05-10,70.10003662109375
2021-05-11,69.09090423583984
2021-05-12,69.3387680053711
2021-05-13,69.10862731933594
2021-05-14,67.81622314453125
2021-05-17,68.11717987060547
2021-05-18,67.65686798095703
2021-05-19,67.40015411376953
2021-05-20,67.6922836303711
2021-05-21,65.59430694580078
2021-05-24,65.02777862548828
2021-05-25,64.81532287597656
2021-05-26,65.27564239501953
2021-05-27,66.66790771484375
2021-05-28,63.22294998168945
2021-06-01,65.52554321289062
2021-06-02,64.30284118652344
2021-06-03,64.793701171875
2021-06-04,65.08822631835938
2021-06-07,65.48091888427734
2021-06-08,65.77542114257812
2021-06-09,67.53359985351562
2021-06-10,69.76477813720703
2021-06-11,70.89823913574219
2021-06-14,69.91651153564453
2021-06-15,69.85403442382812
2021-06-16,70.42520904541016
2021-06-17,70.46092987060547
2021-06-18,69.97898864746094
2021-06-21,72.29942321777344
2021-06-22,68.73844909667969
2021-06-23,69.22931671142578
2021-06-24,72.0049057006836
2021-06-25,70.51447296142578
2021-06-28,67.59608459472656
2021-06-29,67.69424438476562
2021-06-30,67.88166046142578
2021-07-01,68.86338806152344
2021-07-02,67.96199798583984
2021-07-06,67.8102798461914
2021-07-07,66.21273803710938
2021-07-08,63.91014862060547
2021-07-09,65.114990234375
2021-07-12,65.09715270996094
2021-07-13,64.33853149414062
2021-07-14,64.311767578125
2021-07-15,63.588871002197266
2021-07-16,63.08907699584961
2021-07-19,63.11585235595703
2021-07-20,63.6781120300293
2021-07-21,63.687034606933594
2021-07-22,63.285430908203125
2021-07-23,63.196170806884766
2021-07-26,63.24079895019531
2021-07-27,64.49917602539062
2021-07-28,69.63984680175781
2021-07-29,71.67467498779297
2021-07-30,70.76435852050781
2021-08-02,70.46983337402344
2021-08-03,70.50555419921875
2021-08-04,70.05037689208984
2021-08-05,70.478759765625
2021-08-06,67.95307922363281
2021-08-09,68.04230499267578
2021-08-10,67.08736419677734
2021-08-11,67.39972686767578
2021-08-12,67.2747802734375
2021-08-13,68.0601577758789
2021-08-16,67.0338134765625
2021-08-17,66.88209533691406
2021-08-18,65.31134033203125
2021-08-19,65.48983001708984
2021-08-20,68.04230499267578
2021-08-23,68.93478393554688
2021-08-24,69.4435043334961
2021-08-25,68.88123321533203
2021-08-26,67.5068359375
2021-08-27,68.64027404785156
2021-08-30,69.55951690673828
2021-08-31,69.86295318603516
2021-09-01,69.47025299072266
2021-09-02,69.61419677734375
2021-09-03,69.47927856445312
2021-09-07,69.41630554199219
2021-09-08,70.91831970214844
2021-09-09,69.97394561767578
2021-09-10,67.8603286743164
2021-09-13,66.07051086425781
2021-09-14,66.2323989868164
2021-09-15,64.3526382446289
2021-09-16,64.15477752685547
2021-09-17,63.75904083251953
2021-09-20,63.606136322021484
2021-09-21,62.76069259643555
2021-09-22,62.80565643310547
2021-09-23,64.17276763916016
2021-09-24,64.64944458007812
2021-09-27,65.43193817138672
2021-09-28,64.3166732788086
2021-09-29,64.4695816040039
2021-09-30,63.408267974853516
2021-10-01,64.71239471435547
2021-10-04,65.58483123779297
2021-10-05,65.01820373535156
2021-10-06,64.72138977050781
2021-10-07,64.95524597167969
2021-10-08,64.58648681640625
2021-10-11,62.221046447753906
2021-10-12,62.40092468261719
2021-10-13,62.01417541503906
2021-10-14,63.183414459228516
2021-10-15,64.08282470703125
2021-10-18,62.76069259643555
2021-10-19,63.88496398925781
2021-10-20,63.56116485595703
2021-10-21,64.62246704101562
2021-10-22,63.93891143798828
2021-10-25,64.52352905273438
2021-10-26,63.34530258178711
2021-10-27,62.2750129699707
2021-10-28,62.73371124267578
2021-10-29,61.3486213684082
2021-11-01,64.28968048095703
2021-11-02,60.66507339477539
2021-11-03,62.95856857299805
2021-11-04,58.12873077392578
2021-11-05,57.77797317504883
2021-11-08,55.62838363647461
2021-11-09,55.44850540161133
2021-11-10,54.77395248413086
2021-11-11,54.30625534057617
2021-11-12,55.13371276855469
2021-11-15,54.4411735534668
2021-11-16,54.4681510925293
2021-11-17,53.28093338012695
2021-11-18,51.985782623291016
2021-11-19,51.85087203979492
2021-11-22,53.41584396362305
2021-11-23,53.110042572021484
2021-11-24,53.61371994018555
2021-11-26,52.47801971435547
2021-11-29,50.49737548828125
2021-11-30,48.60758972167969
2021-12-01,48.017024993896484
2021-12-02,49.06186294555664
2021-12-03,48.97100830078125
2021-12-06,49.97041702270508
2021-12-07,49.37984848022461
2021-12-08,50.878963470458984
2021-12-09,49.96132278442383
2021-12-10,50.28840637207031
2021-12-13,50.54279327392578
2021-12-14,51.06067657470703
2021-12-15,52.087345123291016
2021-12-16,51.81477737426758
2021-12-17,52.96864318847656
2021-12-20,51.78751754760742
2021-12-21,53.38657760620117
2021-12-22,53.03223419189453
2021-12-23,53.204864501953125
2021-12-27,52.83235549926758
2021-12-28,52.81418991088867
2021-12-29,52.5416145324707
2021-12-30,52.98680877685547
2021-12-31,52.55070877075195
2022-01-03,53.268463134765625
2022-01-04,54.413246154785156
2022-01-05,52.859615325927734
2022-01-06,53.086753845214844
2022-01-07,53.25029373168945
2022-01-10,54.813011169433594
2022-01-11,54.667633056640625
2022-01-12,53.11400604248047
2022-01-13,51.533119201660156
2022-01-14,52.71424102783203
2022-01-18,52.659732818603516
2022-01-19,50.21572494506836
2022-01-20,49.815956115722656
2022-01-21,49.90681076049805
2022-01-24,51.496788024902344
2022-01-25,51.59672164916992
2022-01-26,51.587642669677734
2022-01-27,52.06008529663086
2022-01-28,54.58586883544922
2022-01-31,54.20426940917969
2022-02-01,54.76757049560547
2022-02-02,53.550106048583984
2022-02-03,52.61430740356445
2022-02-04,54.14975357055664
2022-02-07,54.28603744506836
2022-02-08,54.47683334350586
2022-02-09,51.66032409667969
2022-02-10,48.017024993896484
2022-02-11,49.216312408447266
2022-02-14,48.771121978759766
2022-02-15,49.570655822753906
2022-02-16,49.58882141113281
2022-02-17,46.554256439208984
2022-02-18,47.01761245727539
2022-02-22,46.94492721557617
2022-02-23,45.24593734741211
2022-02-24,45.47306823730469
2022-02-25,55.185508728027344
2022-02-28,53.62279510498047
2022-03-01,53.51377487182617
2022-03-02,54.92203140258789
2022-03-03,53.42292022705078
2022-03-04,53.4963493347168
2022-03-07,52.58761215209961
2022-03-08,51.91753387451172
2022-03-09,52.431556701660156
2022-03-10,53.72582244873047
2022-03-11,54.4234504699707
2022-03-14,53.61567687988281
2022-03-15,56.42451477050781
2022-03-16,55.8370475769043
2022-03-17,56.488765716552734
2022-03-18,58.28788375854492
2022-03-21,59.73820114135742
2022-03-22,58.94878387451172
2022-03-23,57.79221725463867
2022-03-24,60.16044616699219
2022-03-25,61.95038604736328
2022-03-28,61.18851852416992
2022-03-29,62.78569030761719
2022-03-30,61.80352020263672
2022-03-31,60.93150329589844
2022-04-01,62.244110107421875
2022-04-04,63.07024383544922
2022-04-05,62.813232421875
2022-04-06,62.9600944519043
2022-04-07,63.93309020996094
2022-04-08,64.06161499023438
2022-04-11,63.43742370605469
2022-04-12,64.14421844482422
2022-04-13,65.7597427368164
2022-04-14,66.36558532714844
2022-04-18,65.88825225830078
2022-04-19,66.25542449951172
2022-04-20,66.512451171875
2022-04-21,65.22736358642578
2022-04-22,64.1166763305664
2022-04-25,65.22736358642578
2022-04-26,64.23601531982422
2022-04-27,64.15338897705078
2022-04-28,61.37209701538086
2022-04-29,59.297603607177734
2022-05-02,61.39963912963867
2022-05-03,59.527076721191406
2022-05-04,60.05947494506836
2022-05-05,59.18745422363281
2022-05-06,58.297061920166016
2022-05-09,57.957435607910156
2022-05-10,57.71877670288086
2022-05-11,56.6264533996582
2022-05-12,57.232276916503906
2022-05-13,57.36997604370117
2022-05-16,58.2236328125
2022-05-17,59.54543685913086
2022-05-18,59.159908294677734
2022-05-19,58.232810974121094
2022-05-20,58.86616897583008
2022-05-23,57.86565017700195
2022-05-24,59.068119049072266
2022-05-25,60.38993453979492
2022-05-26,60.50108337402344
2022-05-27,62.02958297729492
2022-05-31,60.97353744506836
2022-06-01,60.352874755859375
2022-06-02,60.84385299682617
2022-06-03,60.677093505859375
2022-06-06,61.29776382446289
2022-06-07,61.1495475769043
2022-06-08,60.77899932861328
2022-06-09,59.806304931640625
2022-06-10,58.72246170043945
2022-06-13,56.897518157958984
2022-06-14,56.999420166015625
2022-06-15,57.16615676879883
2022-06-16,55.58207702636719
2022-06-17,55.906307220458984
2022-06-21,56.258331298828125
2022-06-22,57.31438064575195
2022-06-23,60.936485290527344
2022-06-24,66.04076385498047
2022-06-27,67.27284240722656
2022-06-28,65.32746124267578
2022-06-29,63.020809173583984
2022-06-30,65.38306427001953
2022-07-01,64.57709503173828
2022-07-05,63.826744079589844
2022-07-06,62.622474670410156
2022-07-07,61.76093673706055
2022-07-08,62.372352600097656
2022-07-11,61.56641387939453
2022-07-12,61.75168991088867
2022-07-13,61.798011779785156
2022-07-14,61.714637756347656
2022-07-15,63.391357421875
2022-07-18,63.020809173583984
2022-07-19,64.01202392578125
2022-07-20,65.8091812133789
2022-07-21,65.17923736572266
2022-07-22,64.57709503173828
2022-07-25,64.16024017333984
2022-07-26,64.81797790527344
2022-07-27,66.98567199707031
2022-07-28,67.92130279541016
2022-07-29,66.54100799560547
2022-08-01,66.85596466064453
2022-08-02,65.99445343017578
2022-08-03,66.3001480102539
2022-08-04,65.67949676513672
2022-08-05,64.75311279296875
2022-08-08,65.08660888671875
2022-08-09,64.68827056884766
2022-08-10,64.50299835205078
2022-08-11,62.81699752807617
2022-08-12,64.42888641357422
2022-08-15,65.67949676513672
2022-08-16,65.65169525146484
2022-08-17,65.09586334228516
2022-08-18,65.66094970703125
2022-08-19,65.79063415527344
2022-08-22,63.91939163208008
2022-08-23,63.53030776977539
2022-08-24,62.8077507019043
2022-08-25,64.27140045166016
2022-08-26,62.7243766784668
2022-08-29,61.66832733154297
2022-08-30,60.5844612121582
2022-08-31,59.936004638671875
2022-09-01,58.888763427734375
2022-09-02,58.52409744262695
2022-09-06,58.327735900878906
2022-09-07,59.11317825317383
2022-09-08,59.19732666015625
2022-09-09,60.2071647644043
2022-09-12,61.64712142944336
2022-09-13,59.86119842529297
2022-09-14,59.94535827636719
2022-09-15,60.94585037231445
2022-09-16,59.41238784790039
2022-09-19,59.533935546875
2022-09-20,59.374977111816406
2022-09-21,59.0009651184082
2022-09-22,58.16877746582031
2022-09-23,58.243587493896484
2022-09-26,57.38335037231445
2022-09-27,57.86022186279297
2022-09-28,59.57133483886719
2022-09-29,58.79525375366211
2022-09-30,57.42074966430664
2022-10-03,57.841514587402344
2022-10-04,58.92616271972656
2022-10-05,58.17813491821289
2022-10-06,58.5802001953125
2022-10-07,57.317893981933594
2022-10-10,57.271141052246094
2022-10-11,58.21554183959961
2022-10-12,59.20668029785156
2022-10-13,59.71158981323242
2022-10-14,58.767208099365234
2022-10-17,59.91730499267578
2022-10-18,61.011295318603516
2022-10-19,60.23521423339844
2022-10-20,59.78639221191406
2022-10-21,60.1604118347168
2022-10-24,60.66533279418945
2022-10-25,62.44192123413086
2022-10-26,62.105289459228516
2022-10-27,62.0959358215332
2022-10-28,65.35922241210938
2022-10-31,64.51768493652344
2022-11-01,64.27458190917969
2022-11-02,62.96552658081055
2022-11-03,68.55706787109375
2022-11-04,70.44584655761719
2022-11-07,72.97979736328125
2022-11-08,73.71847534179688
2022-11-09,73.45664978027344
2022-11-10,73.99899291992188
2022-11-11,73.26031494140625
2022-11-14,72.62448120117188
2022-11-15,73.95223236083984
2022-11-16,74.30756378173828
2022-11-17,74.47586822509766
2022-11-18,74.63482666015625
2022-11-21,75.16778564453125
2022-11-22,76.34593963623047
2022-11-23,75.8503646850586
2022-11-25,75.96340942382812
2022-11-28,75.32284545898438
2022-11-29,75.64312744140625
2022-11-30,77.05614471435547
2022-12-01,75.85978698730469
2022-12-02,76.43441009521484
2022-12-05,75.05908203125
2022-12-06,74.80475616455078
2022-12-07,74.79532623291016
2022-12-08,74.89896392822266
2022-12-09,74.75764465332031
2022-12-12,74.34317016601562
2022-12-13,75.0025634765625
2022-12-14,76.36846923828125
2022-12-15,75.53009033203125
2022-12-16,75.3793716430664
2022-12-19,73.74969482421875
2022-12-20,75.32284545898438
2022-12-21,76.21776580810547
2022-12-22,76.63224792480469
2022-12-23,76.72643280029297
2022-12-27,76.53804016113281
2022-12-28,75.50182342529297
2022-12-29,76.21776580810547
2022-12-30,73.7779541015625
2023-01-03,74.73880004882812
2023-01-04,75.19097137451172
2023-01-05,76.26485443115234
2023-01-06,80.23069763183594
2023-01-09,79.95751953125
2023-01-10,81.6719741821289
2023-01-11,81.77559661865234
2023-01-12,82.58572387695312
2023-01-13,84.49798583984375
2023-01-17,82.68933868408203
2023-01-18,81.83212280273438
2023-01-19,81.6719741821289
2023-01-20,83.87625885009766
2023-01-23,84.52625274658203
2023-01-24,86.05231475830078
2023-01-25,87.55010223388672
2023-01-26,87.5406723022461
2023-01-27,87.42762756347656
2023-01-30,87.40880584716797
2023-01-31,87.93631744384766
2023-02-01,88.6993408203125
2023-02-02,90.49857330322266
2023-02-03,92.12825775146484
2023-02-06,88.3790512084961
2023-02-07,87.8515396118164
2023-02-08,87.1544418334961
2023-02-09,87.78561401367188
2023-02-10,87.60661315917969
2023-02-13,88.92542266845703
2023-02-14,87.38053894042969
2023-02-15,87.84210968017578
2023-02-16,88.03993225097656
2023-02-17,88.70875549316406
2023-02-21,88.66166687011719
2023-02-22,86.66459655761719
2023-02-23,81.22923278808594
2023-02-24,83.14149475097656
2023-02-27,82.14295959472656
2023-02-28,80.3060531616211
2023-03-01,78.44087982177734
2023-03-02,78.62930297851562
2023-03-03,79.69197845458984
2023-03-06,78.61030578613281
2023-03-07,80.88749694824219
2023-03-08,81.62757873535156
2023-03-09,81.29548645019531
2023-03-10,80.8685302734375
2023-03-13,79.30296325683594
2023-03-14,80.5174560546875
2023-03-15,80.53643798828125
2023-03-16,82.09249877929688
2023-03-17,80.34666442871094
2023-03-20,81.51373291015625
2023-03-21,83.35443878173828
2023-03-22,81.89325714111328
2023-03-23,81.56116485595703
2023-03-24,83.01287841796875
2023-03-27,84.03760528564453
2023-03-28,82.88004302978516
2023-03-29,82.12097930908203
2023-03-30,83.7244873046875
2023-03-31,85.23311614990234
2023-04-03,85.16670989990234
2023-04-04,84.597412109375
2023-04-05,85.76447296142578
2023-04-06,85.72651672363281
2023-04-10,87.37747955322266
2023-04-11,88.83866882324219
2023-04-12,89.35103607177734
2023-04-13,89.67363739013672
2023-04-14,89.0189437866211
2023-04-17,88.0796127319336
2023-04-18,87.12128448486328
2023-04-19,87.09282684326172
2023-04-20,87.75699615478516
2023-04-21,88.16500854492188
2023-04-24,88.09857940673828
2023-04-25,87.06436157226562
2023-04-26,87.67162322998047
2023-04-27,85.37544250488281
2023-04-28,83.49676513671875
2023-05-01,85.46085357666016
2023-05-02,78.35414123535156
2023-05-03,78.24026489257812
2023-05-04,77.68994140625
2023-05-05,77.9081802368164
2023-05-08,78.85700988769531
2023-05-09,77.14911651611328
2023-05-10,74.90039825439453
2023-05-11,76.02002716064453
2023-05-12,76.20978546142578
2023-05-15,76.6177749633789
2023-05-16,75.61202239990234
2023-05-17,74.3405990600586
2023-05-18,74.29315948486328
2023-05-19,74.02748107910156
2023-05-22,75.15657806396484
2023-05-23,74.5588150024414
2023-05-24,75.44123840332031
2023-05-25,74.92498016357422
2023-05-26,75.90013122558594
2023-05-30,74.75287628173828
2023-05-31,75.44123840332031
2023-06-01,74.65727996826172
2023-06-02,74.98233032226562
2023-06-05,71.3111343383789
2023-06-06,73.51959991455078
2023-06-07,75.4603500366211
2023-06-08,74.102783203125
2023-06-09,72.76432037353516
2023-06-12,72.27672576904297
2023-06-13,72.46794891357422
2023-06-14,72.56355285644531
2023-06-15,71.58839416503906
2023-06-16,71.67443084716797
2023-06-20,70.44114685058594
2023-06-21,69.73368072509766
2023-06-22,68.35696411132812
2023-06-23,66.92290496826172
2023-06-26,67.16191101074219
2023-06-27,66.7603759765625
2023-06-28,64.62841796875
2023-06-29,64.69532775878906
2023-06-30,64.85784149169922
2023-07-03,64.72400665283203
2023-07-05,63.366424560546875
2023-07-06,61.731597900390625
2023-07-07,62.391273498535156
2023-07-10,62.458194732666016
2023-07-11,63.605438232421875
2023-07-12,64.24598693847656
2023-07-13,64.52323150634766
2023-07-14,64.81961822509766
2023-07-17,64.98213958740234
2023-07-18,65.62268829345703
2023-07-19,65.63224792480469
2023-07-20,65.41236114501953
2023-07-21,65.78521728515625
2023-07-24,66.30146026611328
2023-07-25,66.08158874511719
2023-07-26,66.6360855102539
2023-07-27,70.24993896484375
2023-07-28,71.75091552734375
2023-07-31,71.79871368408203
2023-08-01,71.70311737060547
2023-08-02,71.46409606933594
2023-08-03,72.06641387939453
2023-08-04,71.91343688964844
2023-08-07,72.75476837158203
2023-08-08,71.70311737060547
2023-08-09,71.51190948486328
2023-08-10,72.02816772460938
2023-08-11,70.82356262207031
2023-08-14,70.70882415771484
2023-08-15,70.144775390625
2023-08-16,69.32257843017578
2023-08-17,69.45641326904297
2023-08-18,71.56926727294922
2023-08-21,74.62860107421875
2023-08-22,73.2710189819336
2023-08-23,74.2461929321289
2023-08-24,74.26530456542969
2023-08-25,74.8006820678711
2023-08-28,75.33607482910156
2023-08-29,73.80641174316406
2023-08-30,74.87716674804688
2023-08-31,74.66521453857422
2023-09-01,75.98511505126953
2023-09-05,71.93872833251953
2023-09-06,72.3048324584961
2023-09-07,72.42044830322266
2023-09-08,73.75959014892578
2023-09-11,74.18350219726562
2023-09-12,74.42436218261719
2023-09-13,74.03899383544922
2023-09-14,72.27593231201172
2023-09-15,73.57654571533203
2023-09-18,72.77691650390625
2023-09-19,72.9792251586914
2023-09-20,73.02739715576172
2023-09-21,72.8058090209961
2023-09-22,72.90215301513672
2023-09-25,73.07556915283203
2023-09-26,73.03703308105469
2023-09-27,72.88288116455078
2023-09-28,72.84435272216797
2023-09-29,72.49751281738281
2023-10-02,72.71910858154297
2023-10-03,72.99849700927734
2023-10-04,74.06788635253906
2023-10-05,75.22399139404297
2023-10-06,75.58047485351562
2023-10-09,77.03523254394531
2023-10-10,78.88499450683594
2023-10-11,78.9042739868164
2023-10-12,77.78669738769531
2023-10-13,77.54584503173828
2023-10-16,79.2896499633789
2023-10-17,79.91586303710938
2023-10-18,79.01025390625
2023-10-19,75.4744873046875
2023-10-20,77.65181732177734
2023-10-23,75.29145050048828
2023-10-24,76.3319320678711
2023-10-25,76.53426361083984
2023-10-26,76.66913604736328
2023-10-27,77.29536437988281
2023-10-30,78.49964141845703
2023-10-31,79.29927062988281
2023-11-01,79.81951904296875
2023-11-02,82.96992492675781
2023-11-03,83.87552642822266
2023-11-06,84.48249816894531
2023-11-07,85.00273895263672
2023-11-08,84.49211883544922
2023-11-09,84.7811508178711
2023-11-10,84.4246826171875
2023-11-13,84.7811508178711
2023-11-14,87.21858978271484
2023-11-15,86.78506469726562
2023-11-16,86.35152435302734
2023-11-17,86.1684799194336
2023-11-20,85.97578430175781
2023-11-21,85.57115173339844
2023-11-22,86.66944885253906
2023-11-24,87.5423583984375
2023-11-27,87.62965393066406
2023-11-28,87.45506286621094
2023-11-29,85.95174407958984
2023-11-30,86.29120635986328
2023-12-01,87.14469909667969
2023-12-04,88.1242904663086
2023-12-05,86.90222930908203
2023-12-06,86.95072937011719
2023-12-07,87.31927490234375
2023-12-08,88.31826782226562
2023-12-11,88.94869232177734
2023-12-12,88.91960144042969
2023-12-13,89.61792755126953
2023-12-14,89.58883666992188
2023-12-15,88.52194213867188
2023-12-18,88.80321502685547
2023-12-19,89.81190490722656
2023-12-20,88.91960144042969
2023-12-21,89.35604858398438
2023-12-22,90.95637512207031
2023-12-26,91.33463287353516
2023-12-27,91.74198913574219
2023-12-28,90.57811737060547
2023-12-29,89.58883666992188
2024-01-02,89.43364715576172
2024-01-03,89.71490478515625
2024-01-04,89.22996520996094
2024-01-05,87.42596435546875
2024-01-08,88.66743469238281
2024-01-09,86.30089569091797
2024-01-10,87.0283203125
2024-01-11,87.93031311035156
2024-01-12,89.2784652709961
2024-01-16,88.15338134765625
2024-01-17,88.53164672851562
2024-01-18,90.10286712646484
2024-01-19,91.75167846679688
2024-01-22,93.45870208740234
2024-01-23,92.85735321044922
2024-01-24,93.19682312011719
2024-01-25,93.76905822753906
2024-01-26,93.02224731445312
2024-01-29,93.6817626953125
2024-01-30,92.4791030883789
2024-01-31,91.22794342041016
2024-02-01,93.2744140625
2024-02-02,93.18712615966797
2024-02-05,92.15904235839844
2024-02-06,92.68277740478516
2024-02-07,92.65367889404297
2024-02-08,93.80785369873047
2024-02-09,95.48577117919922
2024-02-12,95.9319076538086
2024-02-13,92.3336181640625
2024-02-14,94.11821746826172
2024-02-15,93.6138687133789
2024-02-16,92.4791030883789
2024-02-20,91.04366302490234
2024-02-21,91.07276153564453
2024-02-22,91.53829956054688
2024-02-23,92.45000457763672
2024-02-26,92.96404266357422
2024-02-27,93.26471710205078
2024-02-28,92.19783020019531
2024-02-29,107.4542236328125
2024-03-01,105.37865447998047
2024-03-04,101.99374389648438
2024-03-05,102.47867584228516
2024-03-06,103.23519134521484
2024-03-07,102.35260009765625
2024-03-08,101.22108459472656
2024-03-11,100.71385955810547
2024-03-12,100.77237701416016
2024-03-13,100.22614288330078
2024-03-14,98.22648620605469
2024-03-15,98.70446014404297
2024-03-18,97.69000244140625
2024-03-19,98.91905975341797
2024-03-20,100.4114761352539
2024-03-21,100.69435119628906
2024-03-22,101.12353515625
2024-03-25,100.5772933959961
2024-03-26,100.63581848144531
2024-03-27,101.40641784667969
2024-03-28,101.56249237060547
2024-04-01,101.338134765625
2024-04-02,99.85546875
2024-04-03,99.39701080322266
2024-04-04,99.68963623046875
2024-04-05,100.9382095336914
2024-04-08,101.84536743164062
2024-04-09,101.26985168457031
2024-04-10,98.58740997314453
2024-04-11,98.0411605834961
2024-04-12,96.0317611694336
2024-04-15,94.87098693847656
2024-04-16,94.33450317382812
2024-04-17,95.66109466552734
2024-04-18,95.70011901855469
2024-04-19,95.70011901855469
2024-04-22,96.42193603515625
2024-04-23,96.90965270996094
2024-04-24,98.17771911621094
2024-04-25,114.16513061523438
2024-04-26,118.08638763427734
2024-04-29,114.92596435546875
2024-04-30,112.01917266845703
2024-05-01,111.93138885498047
2024-05-02,115.0722885131836
2024-05-03,117.68645477294922
2024-05-06,119.9787368774414
2024-05-07,118.1839370727539
2024-05-08,119.36421203613281
2024-05-09,118.32049560546875
2024-05-10,117.78400421142578
2024-05-13,117.69622039794922
2024-05-14,117.69622039794922
2024-05-15,116.05747985839844
2024-05-16,116.89635467529297
2024-05-17,116.16477966308594
2024-05-20,115.06253814697266
2024-05-21,113.83348083496094
2024-05-22,112.56541442871094
2024-05-23,113.4969253540039
2024-05-24,112.56542205810547
2024-05-28,110.91812133789062
2024-05-29,109.80030822753906
2024-05-30,111.49663543701172
2024-05-31,111.21227264404297
2024-06-03,112.32028198242188
2024-06-04,112.59483337402344
2024-06-05,113.45770263671875
2024-06-06,110.46707153320312
2024-06-07,108.55502319335938
2024-06-10,108.32950592041016
2024-06-11,107.7215805053711
2024-06-12,108.6824951171875
2024-06-13,107.06461334228516
2024-06-14,106.04486083984375
2024-06-17,107.38819122314453
2024-06-18,107.2116928100586
2024-06-20,106.10369110107422
2024-06-21,105.9762191772461
2024-06-24,106.71163177490234
2024-06-25,106.78025817871094
2024-06-26,107.70195770263672
2024-06-27,106.68220520019531
2024-06-28,108.5060043334961
2024-07-01,106.68220520019531
2024-07-02,106.66259002685547
2024-07-03,107.3587646484375
2024-07-05,107.17247772216797
2024-07-08,106.94695281982422
2024-07-09,105.4957504272461
2024-07-10,106.19194030761719
2024-07-11,108.61385345458984
2024-07-12,109.08451080322266
2024-07-15,112.44774627685547
2024-07-16,115.97766876220703
2024-07-17,116.74248504638672
2024-07-18,115.30110168457031
2024-07-19,115.5756607055664
2024-07-22,115.84040832519531
2024-07-23,116.67385864257812
2024-07-24,116.04631042480469
2024-07-25,115.76195526123047
2024-07-26,118.08582305908203
2024-07-29,116.53658294677734
2024-07-30,118.47804260253906
2024-07-31,103.348388671875
2024-08-01,94.97462463378906
2024-08-02,92.99393463134766
2024-08-05,92.42522430419922
2024-08-06,91.53294372558594
2024-08-07,89.57186889648438
2024-08-08,92.54289245605469
2024-08-09,92.7978286743164
2024-08-12,90.6994857788086
2024-08-13,92.50366973876953
2024-08-14,92.52327728271484
2024-08-15,93.53323364257812
2024-08-16,93.89602661132812
2024-08-19,94.60202026367188
2024-08-20,94.29804992675781
2024-08-21,94.34707641601562
2024-08-22,94.42552185058594
2024-08-23,95.49430084228516
2024-08-26,95.56294250488281
2024-08-27,95.6904067993164
2024-08-28,94.71967315673828
2024-08-29,94.56279754638672
2024-08-30,94.62162017822266
2024-09-03,94.84715270996094
2024-09-04,93.15082550048828
2024-09-05,93.09200286865234
2024-09-06,91.0296401977539
2024-09-09,92.10521697998047
2024-09-10,90.6053237915039
2024-09-11,91.03951263427734
2024-09-12,91.87825775146484
2024-09-13,92.884765625
2024-09-16,93.21040344238281
2024-09-17,92.46045684814453
2024-09-18,92.06575012207031
2024-09-19,93.54590606689453
2024-09-20,91.9966812133789
2024-09-23,91.25659942626953
2024-09-24,90.96056365966797
2024-09-25,90.37836456298828
2024-09-26,90.1612777709961
2024-09-27,91.49342346191406
2024-09-30,91.32567596435547
2024-10-01,89.82577514648438
2024-10-02,88.848876953125
2024-10-03,87.07267761230469
2024-10-04,87.55620574951172
2024-10-07,85.61226654052734
2024-10-08,86.9937515258789
2024-10-09,86.17472839355469
2024-10-10,86.33260345458984
2024-10-11,86.32273864746094
2024-10-14,87.2799072265625
2024-10-15,87.57593536376953
2024-10-16,87.1713638305664
2024-10-17,87.64501190185547
2024-10-18,86.97400665283203
2024-10-21,84.9906005859375
2024-10-22,84.87218475341797
2024-10-23,86.1845932006836
2024-10-24,84.89192199707031
2024-10-25,84.71429443359375
2024-10-28,85.592529296875
2024-10-29,86.28327178955078
2024-10-30,86.97400665283203
2024-10-31,85.80961608886719
2024-11-01,85.4839859008789
2024-11-04,85.56292724609375
2024-11-05,86.93453979492188
2024-11-06,95.14447021484375
2024-11-07,97.20682525634766
2024-11-08,98.58831024169922
2024-11-11,96.67396545410156
2024-11-12,96.70356750488281
2024-11-13,97.18708801269531
2024-11-14,95.36156463623047
2024-11-15,94.29584503173828
2024-11-18,94.512939453125
2024-11-19,93.60511016845703
2024-11-20,94.25637817382812
2024-11-21,95.38130187988281
2024-11-22,98.08505249023438
2024-11-25,98.20346069335938
2024-11-26,97.61139678955078
2024-11-27,98.24293518066406
2024-11-29,97.50286102294922
2024-12-02,98.63465118408203
2024-12-03,98.82328033447266
2024-12-04,99.2303237915039
2024-12-05,98.11839294433594
2024-12-06,97.43336486816406
2024-12-09,97.89004516601562
2024-12-10,99.10126495361328
2024-12-11,98.68428802490234
2024-12-12,99.36931610107422
2024-12-13,98.29710388183594
2024-12-16,100.8883056640625
2024-12-17,99.04170227050781
2024-12-18,94.6038818359375
2024-12-19,94.39540100097656
2024-12-20,92.03253173828125
2024-12-23,91.91339874267578
2024-12-24,93.13453674316406
2024-12-26,93.33309936523438
2024-12-27,92.14173889160156
2024-12-30,91.71483612060547
2024-12-31,92.74734497070312
2025-01-02,91.69498443603516
2025-01-03,91.89353942871094
2025-01-06,91.29785919189453
2025-01-07,91.15886688232422
2025-01-08,92.37008666992188
2025-01-10,90.84117126464844
2025-01-13,93.0948257446289
2025-01-14,93.85928344726562
2025-01-15,94.98114776611328
2025-01-16,96.44055938720703
2025-01-17,96.2817153930664
2025-01-21,96.51005554199219
2025-01-22,96.47034454345703
2025-01-23,96.80789947509766
2025-01-24,95.74560546875
2025-01-27,97.08588409423828
2025-01-28,96.97667694091797
2025-01-29,96.82775115966797
2025-01-30,97.88011932373047
2025-01-31,97.52272033691406
2025-02-03,97.3638687133789
2025-02-04,99.78630065917969
2025-02-05,99.87564849853516
2025-02-06,99.68701934814453
2025-02-07,98.84313201904297
2025-02-10,99.3296127319336
2025-02-11,99.86571502685547
2025-02-12,99.74658966064453
2025-02-13,100.65995788574219
2025-02-14,101.64282989501953
2025-02-18,102.11937713623047
2025-02-19,101.65276336669922
2025-02-20,102.71505737304688
2025-02-21,100.98758697509766
2025-02-24,97.68156433105469
2025-02-25,96.69869232177734
2025-02-26,97.23480224609375
2025-02-27,79.22541809082031
2025-02-28,79.95015716552734
2025-03-03,80.62525939941406
2025-03-04,80.78411102294922
2025-03-05,81.6974868774414
2025-03-06,82.7002182006836
2025-03-07,82.7300033569336
2025-03-10,82.37000274658203
2025-03-11,79.98999786376953
2025-03-12,79.91000366210938
2025-03-13,79.13999938964844
2025-03-14,79.9000015258789
2025-03-17,79.72000122070312
2025-03-18,79.97000122070312
2025-03-19,81.69999694824219
2025-03-20,82.02999877929688
2025-03-21,82.37000274658203
2025-03-24,83.01000213623047
2025-03-25,83.2300033569336
2025-03-26,84.48999786376953
2025-03-27,86.2699966430664
2025-03-28,85.66000366210938
2025-03-31,83.95999908447266
